ID;session_ID;name;description;implementation;appTitle;appUrl;sourceFile
isolated-steps;abap-processing-center;"Transactional decoupling";"Each step runs isolated so commits and caches don't interfere";"Each step runs in its own database transaction together with its success record — exactly once per step";"Process Monitor";"#ProcessInstance-monitor";"srv/process-center/engine.js"
living-log;abap-processing-center;"Living log";"Status of every object and step at a glance";"StepExecutions: one entry per step attempt, shown as Step Log in the monitor";"Process Monitor";"#ProcessInstance-monitor";"db/process-center.cds"
resume;abap-processing-center;"Resume from failure";"Continue at the failed step after fixing business data";"Parked instances resume at their current step; earlier steps are never repeated";"Process Monitor";"#ProcessInstance-monitor";"srv/process-center/engine.js"
self-healing;abap-processing-center;"Self-healing retries";"Transient issues resolve without support";"TechnicalError → Retrying with backoff; saving the awaited object resumes parked processes automatically";"Process Monitor";"#ProcessInstance-monitor";"srv/process-center/engine.js"
transition-handler;abap-processing-center;"Standard handler pattern";"One reusable pattern for every process";"A process is a list of steps that throw BusinessError or TechnicalError — the engine does the rest";"Excel Uploads";"#UploadBatch-manage";"srv/processes/material-order-import.js"
draft-trigger;rap-draft-handling;"Draft activation as trigger";"Saving a draft starts the business process";"Activating an Excel upload draft turns every row into a process instance";"Excel Uploads";"#UploadBatch-manage";"srv/demo-service.js"
cross-object-scope;rap-draft-handling;"Cross-object draft scope";"Editing one object locks dependent objects";"Editing a supplier locks the supplier and all its materials; processes and users share one lock table";"Object Locks";"#ObjectLock-display";"srv/process-center/locks.js"
table-entities;rap-draft-handling;"Table entities";"The CDS entity is the persistence";"Standard in CAP: every entity here is its own persistence, no table mapping";"Manage Suppliers";"#Supplier-manage";"db/demo.cds"
ontology;knowledge-graphs;"Ontology";"Classes and relationships of the business domain";"Turtle ontology for suppliers, materials, uploads, processes, locks, sessions and concepts";"Knowledge Graph";"#KnowledgeGraph-explore";"srv/knowledge-graph/ontology.ttl"
rdf;knowledge-graphs;"RDF data";"The data as triples";"RDF generated live from the CAP database on every question";"Knowledge Graph";"#KnowledgeGraph-explore";"srv/knowledge-graph/rdf.js"
multi-hop;knowledge-graphs;"Multi-hop reasoning";"Follow relationships across entities";"SPARQL paths like user → upload → row → material → supplier";"Knowledge Graph";"#KnowledgeGraph-explore";"srv/knowledge-graph/questions.js"
explainability;knowledge-graphs;"Chain of reasoning";"Every answer explains why";"Each answer lists the triples it followed and draws them as a graph";"Knowledge Graph";"#KnowledgeGraph-explore";"srv/knowledge-graph/questions.js"
nl-to-sparql;knowledge-graphs;"Natural language to SPARQL";"Business users ask questions in plain language";"Offline: recognised business questions (with parameters like S-300 or M-1001) mapped to SPARQL; free SPARQL editor for everything else";"Knowledge Graph";"#KnowledgeGraph-explore";"srv/knowledge-graph/questions.js"
